-- ========================================================
-- Script de creación e inserción para pokemons_db
-- ========================================================

-- 1. POKEMONS

CREATE DATABASE IF NOT EXISTS pokemons_db;
USE pokemons_db;

DROP TABLE IF EXISTS equipo_integrantes;
DROP TABLE IF EXISTS pokemon_movimientos;
DROP TABLE IF EXISTS equipos;
DROP TABLE IF EXISTS movimientos;
DROP TABLE IF EXISTS pokemons;

CREATE TABLE pokemons (
    id INT PRIMARY KEY,
    nombre VARCHAR(50) NOT NULL,
    tipo VARCHAR(50) NOT NULL,
    ps INT,
    ataque INT,
    defensa INT,
    at_especial INT,
    def_especial INT,
    velocidad INT
);

-- Insert de pokemons

INSERT INTO pokemons (id, nombre, tipo, ps, ataque, defensa, at_especial, def_especial, velocidad) VALUES
(1, 'Turtwig', 'Planta', 130, 96, 84, 65, 75, 51),
(2, 'Grotle', 'Planta', 150, 119, 105, 75, 85, 56),
(3, 'Torterra', 'Planta/Tierra', 170, 141, 125, 95, 105, 76),
(4, 'Chimchar', 'Fuego', 119, 78, 64, 78, 64, 89),
(5, 'Monferno', 'Fuego/Lucha', 139, 98, 72, 98, 72, 111),
(6, 'Infernape', 'Fuego/Lucha', 151, 124, 91, 124, 91, 140),
(7, 'Piplup', 'Agua', 128, 71, 73, 89, 76, 60),
(8, 'Prinplup', 'Agua', 139, 86, 88, 111, 96, 70),
(9, 'Empoleon', 'Agua/Acero', 159, 106, 108, 144, 121, 80),
(10, 'Starly', 'Normal/Volador', 115, 75, 50, 50, 50, 88),
(11, 'Staravia', 'Normal/Volador', 130, 95, 70, 60, 60, 110),
(12, 'Staraptor', 'Normal/Volador', 160, 154, 90, 70, 80, 120),
(13, 'Bidoof', 'Normal', 134, 65, 60, 55, 60, 56),
(14, 'Bibarel', 'Normal/Agua', 154, 115, 80, 75, 80, 91),
(15, 'Kricketot', 'Bicho', 112, 45, 67, 45, 61, 45),
(16, 'Kricketune', 'Bicho', 152, 115, 71, 75, 71, 85),
(17, 'Shinx', 'Eléctrico', 120, 93, 54, 60, 54, 65),
(18, 'Luxio', 'Eléctrico', 135, 115, 69, 80, 69, 80),
(19, 'Luxray', 'Eléctrico', 155, 154, 99, 115, 99, 90),
(20, 'Abra', 'Psíquico', 100, 40, 35, 137, 75, 110),
(21, 'Kadabra', 'Psíquico', 115, 55, 50, 154, 90, 126),
(22, 'Alakazam', 'Psíquico', 130, 70, 65, 170, 115, 154),
(23, 'Magikarp', 'Agua', 95, 30, 75, 35, 40, 110),
(24, 'Gyarados', 'Agua/Volador', 170, 159, 99, 80, 120, 101),
(25, 'Budew', 'Planta/Veneno', 115, 50, 55, 70, 99, 75),
(26, 'Roselia', 'Planta/Veneno', 125, 80, 65, 132, 100, 85),
(27, 'Roserade', 'Planta/Veneno', 135, 90, 85, 159, 125, 110),
(28, 'Zubat', 'Veneno/Volador', 115, 65, 55, 50, 60, 82),
(29, 'Golbat', 'Veneno/Volador', 150, 100, 90, 85, 95, 110),
(30, 'Crobat', 'Veneno/Volador', 160, 110, 100, 90, 100, 165),
(31, 'Geodude', 'Roca/Tierra', 115, 100, 132, 50, 50, 40),
(32, 'Graveler', 'Roca/Tierra', 130, 115, 148, 65, 65, 55),
(33, 'Golem', 'Roca/Tierra', 155, 140, 165, 75, 85, 65),
(34, 'Onix', 'Roca/Tierra', 110, 65, 198, 50, 65, 90),
(35, 'Steelix', 'Acero/Tierra', 150, 105, 242, 75, 85, 50),
(36, 'Cranidos', 'Roca', 142, 159, 60, 50, 50, 78),
(37, 'Rampardos', 'Roca', 172, 203, 80, 85, 70, 78),
(38, 'Shieldon', 'Roca/Acero', 105, 62, 151, 62, 108, 50),
(39, 'Bastiodon', 'Roca/Acero', 135, 72, 206, 67, 158, 50),
(40, 'Machop', 'Lucha', 145, 110, 70, 55, 55, 55),
(41, 'Machoke', 'Lucha', 155, 132, 90, 70, 80, 65),
(42, 'Machamp', 'Lucha', 165, 165, 100, 85, 105, 75),
(43, 'Psyduck', 'Agua', 125, 72, 68, 93, 70, 75),
(44, 'Golduck', 'Agua', 155, 102, 98, 126, 100, 105),
(45, 'Burmy', 'Bicho', 115, 49, 71, 49, 65, 56),
(46, 'Wormadam', 'Bicho/Planta', 135, 79, 105, 99, 137, 56),
(47, 'Mothim', 'Bicho/Volador', 145, 125, 70, 125, 70, 86),
(48, 'Wurmple', 'Bicho', 120, 65, 55, 40, 55, 40),
(49, 'Silcoon', 'Bicho', 125, 55, 82, 45, 45, 35),
(50, 'Beautifly', 'Bicho/Volador', 135, 90, 70, 132, 70, 85),
(51, 'Cascoon', 'Bicho', 125, 55, 82, 45, 45, 35),
(52, 'Dustox', 'Bicho/Veneno', 135, 70, 90, 70, 121, 85),
(53, 'Combee', 'Bicho/Volador', 105, 50, 62, 50, 62, 99),
(54, 'Vespiquen', 'Bicho/Volador', 145, 100, 134, 100, 134, 60),
(55, 'Pachirisu', 'Eléctrico', 135, 65, 90, 65, 121, 126),
(56, 'Buizel', 'Agua', 130, 85, 55, 80, 50, 115),
(57, 'Floatzel', 'Agua', 160, 125, 75, 105, 70, 148),
(58, 'Cherubi', 'Planta', 120, 55, 65, 82, 73, 55),
(59, 'Cherrim', 'Planta', 145, 80, 90, 117, 98, 105),
(60, 'Shellos', 'Agua', 151, 68, 68, 77, 90, 54),
(61, 'Gastrodon', 'Agua/Tierra', 186, 103, 88, 112, 102, 59),
(62, 'Heracross', 'Bicho/Lucha', 155, 159, 95, 60, 115, 105),
(63, 'Aipom', 'Normal', 130, 90, 75, 60, 75, 115),
(64, 'Ambipom', 'Normal', 150, 121, 86, 80, 86, 148),
(65, 'Drifloon', 'Fantasma/Volador', 165, 70, 54, 80, 64, 99),
(66, 'Drifblim', 'Fantasma/Volador', 225, 100, 64, 121, 74, 110),
(67, 'Buneary', 'Normal', 130, 86, 64, 64, 76, 115),
(68, 'Lopunny', 'Normal', 140, 96, 104, 74, 116, 137),
(69, 'Gastly', 'Fantasma/Veneno', 105, 55, 50, 132, 55, 100),
(70, 'Haunter', 'Fantasma/Veneno', 120, 70, 65, 148, 75, 115),
(71, 'Gengar', 'Fantasma/Veneno', 135, 85, 80, 165, 95, 143),
(72, 'Misdreavus', 'Fantasma', 135, 80, 80, 105, 105, 115),
(73, 'Mismagius', 'Fantasma', 135, 80, 80, 125, 125, 137),
(74, 'Murkrow', 'Siniestro/Volador', 135, 105, 62, 105, 62, 122),
(75, 'Honchkrow', 'Siniestro/Volador', 175, 159, 72, 125, 72, 91),
(76, 'Glameow', 'Normal', 124, 75, 62, 62, 57, 115),
(77, 'Purugly', 'Normal', 146, 102, 84, 84, 79, 145),
(78, 'Goldeen', 'Agua', 120, 95, 80, 55, 70, 83),
(79, 'Seaking', 'Agua', 155, 123, 85, 85, 100, 88),
(80, 'Barboach', 'Agua/Tierra', 125, 68, 63, 66, 61, 88),
(81, 'Whiscash', 'Agua/Tierra', 185, 98, 93, 96, 91, 88),
(82, 'Chingling', 'Psíquico', 120, 50, 70, 93, 70, 65),
(83, 'Chimecho', 'Psíquico', 150, 70, 100, 115, 121, 85),
(84, 'Stunky', 'Veneno/Siniestro', 138, 83, 67, 61, 61, 103),
(85, 'Skuntank', 'Veneno/Siniestro', 178, 113, 87, 91, 81, 114),
(86, 'Meditite', 'Lucha/Psíquico', 105, 60, 75, 60, 75, 88),
(87, 'Medicham', 'Lucha/Psíquico', 135, 80, 95, 80, 95, 110),
(88, 'Bronzor', 'Acero/Psíquico', 117, 44, 116, 44, 116, 43),
(89, 'Bronzong', 'Acero/Psíquico', 142, 109, 149, 99, 149, 53),
(90, 'Ponyta', 'Fuego', 125, 105, 75, 85, 85, 121),
(91, 'Rapidash', 'Fuego', 140, 121, 90, 100, 100, 137),
(92, 'Bonsly', 'Roca', 125, 100, 126, 30, 65, 30),
(93, 'Sudowoodo', 'Roca', 145, 121, 148, 50, 85, 50),
(94, 'Mime Jr.', 'Psíquico/Hada', 100, 45, 65, 90, 121, 80),
(95, 'Mr. Mime', 'Psíquico/Hada', 115, 65, 85, 121, 154, 110),
(96, 'Happiny', 'Normal', 175, 25, 25, 35, 93, 50),
(97, 'Chansey', 'Normal', 325, 25, 25, 55, 137, 70),
(98, 'Blissey', 'Normal', 330, 30, 30, 95, 170, 75),
(99, 'Cleffa', 'Hada', 110, 45, 48, 65, 82, 35),
(100, 'Clefairy', 'Hada', 145, 65, 68, 80, 93, 55),
(101, 'Clefable', 'Hada', 170, 90, 93, 115, 110, 88),
(102, 'Chatot', 'Normal/Volador', 151, 85, 65, 123, 62, 112),
(103, 'Pichu', 'Eléctrico', 95, 60, 35, 55, 55, 88),
(104, 'Pikachu', 'Eléctrico', 110, 75, 60, 70, 70, 121),
(105, 'Raichu', 'Eléctrico', 135, 110, 75, 110, 100, 143),
(106, 'Hoothoot', 'Normal/Volador', 135, 50, 50, 56, 83, 70),
(107, 'Noctowl', 'Normal/Volador', 175, 70, 70, 106, 127, 90),
(108, 'Spiritomb', 'Fantasma/Siniestro', 125, 112, 140, 112, 140, 35),
(109, 'Gible', 'Dragón/Tierra', 133, 99, 65, 60, 65, 62),
(110, 'Gabite', 'Dragón/Tierra', 143, 110, 85, 70, 75, 112),
(111, 'Garchomp', 'Dragón/Tierra', 183, 150, 115, 100, 105, 134),
(112, 'Munchlax', 'Normal', 185, 105, 60, 60, 117, 25),
(113, 'Snorlax', 'Normal', 235, 130, 85, 85, 143, 50),
(114, 'Unown', 'Psíquico', 123, 92, 68, 101, 68, 68),
(115, 'Riolu', 'Lucha', 110, 99, 60, 55, 60, 80),
(116, 'Lucario', 'Lucha/Acero', 145, 130, 90, 148, 90, 110),
(117, 'Wooper', 'Agua/Tierra', 130, 65, 71, 45, 45, 13),
(118, 'Quagsire', 'Agua/Tierra', 170, 105, 115, 85, 85, 55),
(119, 'Wingull', 'Agua/Volador', 115, 50, 50, 75, 50, 115),
(120, 'Pelipper', 'Agua/Volador', 135, 70, 132, 115, 90, 85),
(121, 'Girafarig', 'Normal/Psíquico', 145, 100, 85, 110, 85, 115),
(122, 'Hippopotas', 'Tierra', 143, 92, 107, 58, 62, 52),
(123, 'Hippowdon', 'Tierra', 183, 132, 151, 88, 92, 67),
(124, 'Azurill', 'Normal/Hada', 125, 40, 66, 40, 60, 40),
(125, 'Marill', 'Agua/Hada', 145, 40, 77, 40, 70, 60),
(126, 'Azumarill', 'Agua/Hada', 175, 70, 110, 80, 100, 70),
(127, 'Skorupi', 'Veneno/Bicho', 115, 70, 121, 50, 75, 85),
(128, 'Drapion', 'Veneno/Siniestro', 145, 110, 130, 80, 95, 126),
(129, 'Croagunk', 'Veneno/Lucha', 123, 81, 60, 81, 60, 77),
(130, 'Toxicroak', 'Veneno/Lucha', 158, 127, 85, 106, 85, 115),
(131, 'Carnivine', 'Planta', 149, 133, 92, 110, 92, 66),
(132, 'Remoraid', 'Agua', 110, 85, 55, 85, 55, 93),
(133, 'Octillery', 'Agua', 150, 125, 95, 137, 95, 65),
(134, 'Finneon', 'Agua', 124, 69, 76, 69, 81, 94),
(135, 'Lumineon', 'Agua', 144, 89, 96, 89, 106, 122),
(136, 'Tentacool', 'Agua/Veneno', 115, 60, 55, 70, 132, 99),
(137, 'Tentacruel', 'Agua/Veneno', 155, 90, 85, 100, 154, 121),
(138, 'Feebas', 'Agua', 95, 35, 40, 30, 75, 110),
(139, 'Milotic', 'Agua', 170, 80, 99, 120, 159, 101),
(140, 'Mantyke', 'Agua/Volador', 120, 40, 70, 80, 154, 70),
(141, 'Mantine', 'Agua/Volador', 140, 60, 90, 100, 176, 90),
(142, 'Snover', 'Planta/Hielo', 135, 82, 70, 82, 80, 60),
(143, 'Abomasnow', 'Planta/Hielo', 165, 112, 95, 112, 105, 80),
(144, 'Sneasel', 'Siniestro/Hielo', 130, 115, 75, 55, 95, 148),
(145, 'Weavile', 'Siniestro/Hielo', 145, 140, 85, 65, 105, 159),
(146, 'Uxie', 'Psíquico', 150, 95, 165, 95, 165, 115),
(147, 'Mesprit', 'Psíquico', 155, 125, 125, 125, 125, 100),
(148, 'Azelf', 'Psíquico', 150, 145, 90, 145, 90, 148),
(149, 'Dialga', 'Acero/Dragón', 175, 140, 140, 187, 120, 110),
(150, 'Palkia', 'Agua/Dragón', 165, 140, 120, 187, 140, 121),
(151, 'Manaphy', 'Agua', 175, 120, 120, 132, 120, 120),
(152, 'Rotom', 'Eléctrico/Fantasma', 125, 70, 97, 126, 97, 112),
(153, 'Gligar', 'Tierra/Volador', 140, 95, 137, 55, 85, 115),
(154, 'Gliscor', 'Tierra/Volador', 150, 115, 159, 65, 95, 115),
(155, 'Nosepass', 'Roca', 105, 65, 170, 65, 110, 50),
(156, 'Probopass', 'Roca/Acero', 135, 75, 181, 95, 187, 60),
(157, 'Ralts', 'Psíquico/Hada', 103, 45, 45, 71, 55, 60),
(158, 'Kirlia', 'Psíquico/Hada', 113, 55, 55, 93, 75, 70),
(159, 'Gardevoir', 'Psíquico/Hada', 143, 85, 85, 159, 135, 110),
(160, 'Gallade', 'Psíquico/Lucha', 143, 159, 85, 85, 135, 110),
(161, 'Lickitung', 'Normal', 165, 75, 95, 80, 104, 50),
(162, 'Lickilicky', 'Normal', 185, 105, 115, 100, 126, 77),
(163, 'Eevee', 'Normal', 130, 75, 70, 65, 85, 82),
(164, 'Vaporeon', 'Agua', 205, 85, 80, 143, 115, 85),
(165, 'Jolteon', 'Eléctrico', 140, 85, 80, 132, 115, 165),
(166, 'Flareon', 'Fuego', 140, 165, 80, 115, 130, 85),
(167, 'Espeon', 'Psíquico', 140, 85, 80, 165, 115, 132),
(168, 'Umbreon', 'Siniestro', 170, 85, 130, 80, 165, 85),
(169, 'Leafeon', 'Planta', 140, 130, 165, 80, 85, 115),
(170, 'Glaceon', 'Hielo', 140, 80, 130, 165, 115, 85),
(171, 'Swablu', 'Normal/Volador', 120, 60, 80, 60, 104, 70),
(172, 'Altaria', 'Dragón/Volador', 150, 90, 110, 90, 137, 110),
(173, 'Togepi', 'Hada', 110, 40, 85, 60, 93, 40),
(174, 'Togetic', 'Hada/Volador', 130, 60, 105, 100, 137, 60),
(175, 'Togekiss', 'Hada/Volador', 160, 70, 115, 154, 135, 110),
(176, 'Houndour', 'Siniestro/Fuego', 120, 80, 50, 110, 70, 93),
(177, 'Houndoom', 'Siniestro/Fuego', 150, 110, 70, 143, 100, 126),
(178, 'Magnemite', 'Eléctrico/Acero', 100, 55, 90, 126, 75, 65),
(179, 'Magneton', 'Eléctrico/Acero', 125, 80, 115, 154, 90, 90),
(180, 'Magnezone', 'Eléctrico/Acero', 145, 90, 135, 165, 110, 80),
(181, 'Tangela', 'Planta', 140, 75, 137, 121, 60, 80),
(182, 'Tangrowth', 'Planta', 175, 120, 148, 132, 70, 70),
(183, 'Yanma', 'Bicho/Volador', 140, 85, 65, 95, 65, 126),
(184, 'Yanmega', 'Bicho/Volador', 161, 96, 106, 149, 76, 126),
(185, 'Tropius', 'Planta/Volador', 174, 88, 103, 92, 117, 71),
(186, 'Rhyhorn', 'Tierra/Roca', 155, 105, 115, 50, 50, 44),
(187, 'Rhydon', 'Tierra/Roca', 180, 154, 140, 65, 65, 60),
(188, 'Rhyperior', 'Tierra/Roca', 190, 165, 154, 75, 75, 60),
(189, 'Duskull', 'Fantasma', 95, 60, 110, 50, 110, 44),
(190, 'Dusclops', 'Fantasma', 115, 90, 165, 80, 165, 44),
(191, 'Dusknoir', 'Fantasma', 120, 121, 170, 85, 170, 65),
(192, 'Porygon', 'Normal', 140, 80, 90, 115, 95, 60),
(193, 'Porygon2', 'Normal', 160, 100, 110, 137, 115, 80),
(194, 'Porygon-Z', 'Normal', 160, 100, 90, 170, 95, 110),
(195, 'Scyther', 'Bicho/Volador', 145, 132, 100, 75, 100, 137),
(196, 'Scizor', 'Bicho/Acero', 145, 165, 120, 75, 100, 91),
(197, 'Elekid', 'Eléctrico', 120, 83, 57, 85, 75, 126),
(198, 'Electabuzz', 'Eléctrico', 140, 103, 77, 115, 105, 137),
(199, 'Electivire', 'Eléctrico', 150, 157, 87, 115, 105, 115),
(200, 'Magby', 'Fuego', 120, 95, 57, 90, 75, 112),
(201, 'Magmar', 'Fuego', 140, 115, 77, 132, 105, 124),
(202, 'Magmortar', 'Fuego', 150, 115, 87, 159, 115, 112),
(203, 'Swinub', 'Hielo/Tierra', 125, 70, 60, 50, 50, 77),
(204, 'Piloswine', 'Hielo/Tierra', 175, 121, 100, 80, 90, 70),
(205, 'Mamoswine', 'Hielo/Tierra', 185, 165, 100, 90, 80, 110),
(206, 'Snorunt', 'Hielo', 125, 70, 70, 70, 70, 77),
(207, 'Glalie', 'Hielo', 155, 100, 100, 100, 100, 110),
(208, 'Froslass', 'Hielo/Fantasma', 145, 100, 90, 100, 90, 143),
(209, 'Absol', 'Siniestro', 140, 165, 80, 95, 80, 104),
(210, 'Giratina', 'Fantasma/Dragón', 225, 120, 165, 120, 165, 110);

-- EQUIPOS

CREATE TABLE IF NOT EXISTS equipos (
    id_equipo INT AUTO_INCREMENT PRIMARY KEY,
    nombre_equipo VARCHAR(50) NOT NULL
);

CREATE TABLE IF NOT EXISTS equipo_integrantes (
    id_equipo INT,
    id_pokemon INT,
    posicion INT, -- Orden del 1 al 6
    PRIMARY KEY (id_equipo, id_pokemon),
    -- Relaciones: Si borras un equipo, se borran sus integrantes (CASCADE)
    FOREIGN KEY (id_equipo) REFERENCES equipos(id_equipo) ON DELETE CASCADE,
    -- Referencia al ID de la Pokédex en la tabla 'pokemons'
    FOREIGN KEY (id_pokemon) REFERENCES pokemons(id) ON UPDATE CASCADE
);

-- Insert de equipos de prueba

INSERT INTO equipos (nombre_equipo) VALUES ('Sinnoh All-Stars');
INSERT INTO equipo_integrantes (id_equipo, id_pokemon, posicion) VALUES 
(1, 111, 1), -- Garchomp
(1, 116, 2), -- Lucario
(1, 6, 3),   -- Infernape
(1, 19, 4),  -- Luxray
(1, 145, 5), -- Weavile
(1, 42, 6);  -- Machamp

INSERT INTO equipos (nombre_equipo) VALUES ('Trío de Iniciales');
INSERT INTO equipo_integrantes (id_equipo, id_pokemon, posicion) VALUES 
(2, 3, 1),   -- Torterra
(2, 6, 2),   -- Infernape
(2, 9, 3);   -- Empoleon

INSERT INTO equipos (nombre_equipo) VALUES ('Tanques de Roca');
INSERT INTO equipo_integrantes (id_equipo, id_pokemon, posicion) VALUES 
(3, 35, 1),  -- Steelix
(3, 33, 2);  -- Golem

-- MOVIMIENTOS

CREATE TABLE movimientos (
    id INT PRIMARY KEY AUTO_INCREMENT,
    nombre VARCHAR(50) NOT NULL,
    tipo VARCHAR(20) NOT NULL,
    categoria VARCHAR(20) NOT NULL, -- FIS o ESP
    potencia INT DEFAULT 0,
    precision_atq INT DEFAULT 100,
    pp INT DEFAULT 15
);

CREATE TABLE pokemon_movimientos (
    pokemon_id INT,
    movimiento_id INT,
    PRIMARY KEY (pokemon_id, movimiento_id),
    FOREIGN KEY (pokemon_id) REFERENCES pokemons(id) ON DELETE CASCADE,
    FOREIGN KEY (movimiento_id) REFERENCES movimientos(id) ON DELETE CASCADE
);

-- 2. INSERCIÓN DE MOVIMIENTOS (18 TIPOS)
INSERT INTO movimientos (nombre, tipo, categoria, potencia, precision_atq, pp) VALUES
-- ACERO
('Puño Meteoro', 'Acero', 'FIS', 90, 90, 10),
('Foco Resplandor', 'Acero', 'ESP', 80, 100, 10),
('Cabeza de Hierro', 'Acero', 'FIS', 80, 100, 15),
('Ala de Acero', 'Acero', 'FIS', 70, 90, 25),
('Garra Metal', 'Acero', 'FIS', 50, 95, 35),
-- AGUA
('Hidrobomba', 'Agua', 'ESP', 110, 80, 5),
('Surf', 'Agua', 'ESP', 90, 100, 15),
('Cascada', 'Agua', 'FIS', 80, 100, 15),
('Rayo Burbuja', 'Agua', 'ESP', 65, 100, 20),
('Acua Jet', 'Agua', 'FIS', 40, 100, 20),
-- BICHO
('Tijera X', 'Bicho', 'FIS', 80, 100, 15),
('Zumbido', 'Bicho', 'ESP', 90, 100, 10),
('Ida y Vuelta', 'Bicho', 'FIS', 70, 100, 20),
('Chupavidas', 'Bicho', 'FIS', 80, 100, 10),
('Megacuerno', 'Bicho', 'FIS', 120, 85, 10),
-- DRAGON
('Enfado', 'Dragón', 'FIS', 120, 100, 10),
('Garra Dragon', 'Dragón', 'FIS', 80, 100, 15),
('Pulso Dragon', 'Dragón', 'ESP', 85, 100, 10),
('Carga Dragon', 'Dragón', 'FIS', 100, 75, 10),
('Cometa Draco', 'Dragón', 'ESP', 130, 90, 5),
-- ELECTRICO
('Trueno', 'Eléctrico', 'ESP', 110, 70, 10),
('Rayo', 'Eléctrico', 'ESP', 90, 100, 15),
('Chispazo', 'Eléctrico', 'ESP', 80, 100, 15),
('Puño Trueno', 'Eléctrico', 'FIS', 75, 100, 15),
('Voltio Cruel', 'Eléctrico', 'FIS', 90, 100, 15),
-- FANTASMA
('Bola Sombra', 'Fantasma', 'ESP', 80, 100, 15),
('Garra Umbria', 'Fantasma', 'FIS', 70, 100, 15),
('Puño Sombra', 'Fantasma', 'FIS', 60, 100, 20),
('Tinieblas', 'Fantasma', 'ESP', 60, 100, 15),
('Golpe Fantasma', 'Fantasma', 'FIS', 90, 100, 10),
-- FUEGO
('Llamarada', 'Fuego', 'ESP', 110, 85, 5),
('Lanzallamas', 'Fuego', 'ESP', 90, 100, 15),
('Envite Igneo', 'Fuego', 'FIS', 120, 100, 15),
('Puño Fuego', 'Fuego', 'FIS', 75, 100, 15),
('Sofoco', 'Fuego', 'ESP', 130, 90, 5),
-- HADA 
('Fuerza Lunar', 'Hada', 'ESP', 95, 100, 15),
('Brillo Magico', 'Hada', 'ESP', 80, 100, 10),
('Carantoña', 'Hada', 'FIS', 90, 90, 10),
('Viento Feerico', 'Hada', 'ESP', 40, 100, 30),
('Beso Drenaje', 'Hada', 'ESP', 50, 100, 10),
('Voz Cautivadora', 'Hada', 'ESP', 40, 100, 15),
-- HIELO
('Ventisca', 'Hielo', 'ESP', 110, 70, 5),
('Rayo Hielo', 'Hielo', 'ESP', 90, 100, 10),
('Puño Hielo', 'Hielo', 'FIS', 75, 100, 15),
('Colmillo Hielo', 'Hielo', 'FIS', 65, 95, 15),
('Canto Helado', 'Hielo', 'FIS', 40, 100, 30),
-- LUCHA
('A bocajarro', 'Lucha', 'FIS', 120, 100, 5),
('Esfera Aural', 'Lucha', 'ESP', 80, 100, 20),
('Onda Certera', 'Lucha', 'ESP', 120, 70, 5),
('Demolicion', 'Lucha', 'FIS', 75, 100, 15),
('Ultra puño', 'Lucha', 'FIS', 40, 100, 30),
-- NORMAL
('Hiperrayo', 'Normal', 'ESP', 150, 90, 5),
('Giga Impacto', 'Normal', 'FIS', 150, 90, 5),
('Fuerza', 'Normal', 'FIS', 80, 100, 15),
('Golpe Cuerpo', 'Normal', 'FIS', 85, 100, 15),
('Placaje', 'Normal', 'FIS', 40, 100, 35),
-- PLANTA
('Rayo Solar', 'Planta', 'ESP', 120, 100, 10),
('Hoja Aguda', 'Planta', 'FIS', 90, 100, 15),
('Energibola', 'Planta', 'ESP', 90, 100, 10),
('Giga Drenado', 'Planta', 'ESP', 75, 100, 10),
('Lluevehojas', 'Planta', 'ESP', 130, 90, 5),
-- PSIQUICO
('Psiquico', 'Psíquico', 'ESP', 90, 100, 10),
('Psicocorte', 'Psíquico', 'FIS', 70, 100, 20),
('Zen Headbutt', 'Psíquico', 'FIS', 80, 90, 15),
('Confusion', 'Psíquico', 'ESP', 50, 100, 25),
('Premonicion', 'Psíquico', 'ESP', 120, 100, 10),
-- ROCA
('Roca Afilada', 'Roca', 'FIS', 100, 80, 5),
('Avalancha', 'Roca', 'FIS', 75, 90, 10),
('Joyas de Luz', 'Roca', 'ESP', 80, 100, 20),
('Poder Pasado', 'Roca', 'ESP', 60, 100, 5),
('Lanzarocas', 'Roca', 'FIS', 50, 90, 15),
-- SINIESTRO
('Triturar', 'Siniestro', 'FIS', 80, 100, 15),
('Pulso Umbrio', 'Siniestro', 'ESP', 80, 100, 15),
('Tajo Umbrio', 'Siniestro', 'FIS', 70, 100, 15),
('Mordisco', 'Siniestro', 'FIS', 60, 100, 25),
('Vendetta', 'Siniestro', 'FIS', 50, 100, 10),
-- TIERRA
('Terremoto', 'Tierra', 'FIS', 100, 100, 10),
('Tierra Viva', 'Tierra', 'ESP', 90, 100, 10),
('Excavar', 'Tierra', 'FIS', 80, 100, 10),
('Disparo Lodo', 'Tierra', 'ESP', 55, 95, 15),
('Magnitud', 'Tierra', 'FIS', 70, 100, 30),
-- VENENO
('Bomba Lodo', 'Veneno', 'ESP', 90, 100, 10),
('Puya Nociva', 'Veneno', 'FIS', 80, 100, 20),
('Carga Toxica', 'Veneno', 'ESP', 65, 100, 10),
('Veneno X', 'Veneno', 'FIS', 70, 100, 20),
('Residuos', 'Veneno', 'ESP', 65, 100, 20),
-- VOLADOR
('Pajaro Osado', 'Volador', 'FIS', 120, 100, 15),
('Tajo Aereo', 'Volador', 'ESP', 75, 95, 15),
('Golpe Aereo', 'Volador', 'FIS', 60, 100, 20),
('Vuelo', 'Volador', 'FIS', 90, 95, 15),
('Tornado', 'Volador', 'ESP', 40, 100, 35);

-- POKEMON_MOVIMIENTOS

TRUNCATE TABLE pokemon_movimientos;

INSERT INTO pokemon_movimientos (pokemon_id, movimiento_id) VALUES 
-- 1-10
(1,59),(1,60),(1,58),(1,55),(2,57),(2,59),(2,80),(2,54),(3,57),(3,76),(3,67),(3,56),
(4,32),(4,34),(4,55),(4,50),(5,32),(5,49),(5,34),(5,50),(6,31),(6,46),(6,33),(6,50),
(7,9),(7,10),(7,55),(7,89),(8,7),(8,9),(8,4),(8,44),(9,6),(9,2),(9,7),(9,3),
(10,55),(10,90),(10,88),(10,54),
-- 11-20
(11,89),(11,55),(11,88),(11,73),(12,86),(12,53),(12,89),(12,46),(13,55),(13,54),(13,80),(13,74),
(14,54),(14,8),(14,73),(14,76),(15,55),(15,11),(15,13),(15,51),(16,11),(16,14),(16,15),(16,54),
(17,23),(17,24),(17,55),(17,74),(18,22),(18,24),(18,73),(18,54),(19,25),(19,22),(19,71),(19,24),
(20,64),(20,55),(20,61),(20,26),
-- 21-30
(21,61),(21,26),(21,64),(21,63),(22,61),(22,65),(22,26),(22,48),(23,55),(23,54),(23,10),(23,9),
(24,8),(24,71),(24,16),(24,89),(25,83),(25,81),(25,59),(25,55),(26,81),(26,59),(26,60),(26,58),
(27,60),(27,81),(27,58),(27,37),(28,85),(28,90),(28,83),(28,55),(29,81),(29,88),(29,85),(29,73),
(30,81),(30,86),(30,84),(30,14),
-- 31-40
(31,80),(31,76),(31,70),(31,55),(32,76),(32,70),(32,67),(32,54),(33,76),(33,66),(33,67),(33,53),
(34,76),(34,70),(34,67),(34,3),(35,76),(35,3),(35,67),(35,1),(36,67),(36,70),(36,55),(36,19),
(37,66),(37,76),(37,19),(37,53),(38,3),(38,70),(38,67),(38,2),(39,3),(39,2),(39,67),(39,54),
(40,49),(40,50),(40,55),(40,40),
-- 41-50
(41,49),(41,50),(41,55),(41,40),(42,46),(42,34),(42,24),(42,43),(43,7),(43,9),(43,55),(43,64),
(44,6),(44,61),(44,42),(44,7),(45,11),(45,13),(45,55),(45,12),(46,60),(46,11),(46,57),(46,14),
(47,12),(47,87),(47,11),(47,53),(48,55),(48,54),(48,11),(48,90),(49,11),(49,12),(49,55),(49,13),
(50,12),(50,87),(50,11),(50,53),
-- 51-60
(51,11),(51,12),(51,55),(51,13),(52,81),(52,11),(52,14),(52,53),(53,90),(53,55),(53,11),(53,88),
(54,11),(54,12),(54,86),(54,14),(55,22),(55,23),(55,55),(55,54),(56,8),(56,10),(56,55),(56,7),
(57,8),(57,7),(57,43),(57,10),(58,59),(58,60),(58,55),(58,58),(59,60),(59,58),(59,57),(59,53),
(60,9),(60,10),(60,55),(60,77),
-- 61-70
(61,77),(61,7),(61,81),(61,76),(62,15),(62,46),(62,76),(62,11),(63,55),(63,54),(63,73),(63,74),
(64,53),(64,71),(64,54),(64,55),(65,26),(65,90),(65,29),(65,28),(66,26),(66,86),(66,21),(66,52),
(67,55),(67,54),(67,49),(67,40),(68,53),(68,43),(68,34),(68,46),(69,29),(69,85),(69,55),(69,26),
(70,26),(70,83),(70,29),(70,64),
-- 71-80
(71,26),(71,81),(71,61),(71,22),(72,26),(72,64),(72,90),(72,55),(73,26),(73,61),(73,36),(73,52),
(74,87),(74,73),(74,90),(74,55),(75,86),(75,71),(75,31),(75,53),(76,55),(76,73),(76,74),(76,54),
(77,53),(77,71),(77,72),(77,55),(78,8),(78,10),(78,55),(78,54),(79,8),(79,19),(79,44),(79,53),
(80,76),(80,80),(80,55),(80,7),
-- 81-90
(81,76),(81,7),(81,77),(81,53),(82,64),(82,55),(82,90),(82,63),(83,61),(83,26),(83,63),(83,52),
(84,81),(84,73),(84,55),(84,84),(85,81),(85,71),(85,32),(85,53),(86,61),(86,49),(86,64),(86,55),
(87,46),(87,62),(87,24),(87,43),(88,64),(88,2),(88,55),(88,3),(89,2),(89,61),(89,76),(89,53),
(90,32),(90,34),(90,55),(90,90),
-- 91-100
(91,33),(91,32),(91,54),(91,53),(92,68),(92,70),(92,55),(92,54),(93,66),(93,76),(93,54),(93,53),
(94,61),(94,36),(94,55),(94,64),(95,61),(95,36),(95,22),(95,52),(96,55),(96,54),(96,51),(96,41),
(97,55),(97,54),(97,52),(97,41),(98,52),(98,36),(98,42),(98,53),(99,41),(99,39),(99,55),(99,40),
(100,37),(100,41),(100,54),(100,40),
-- 101-110
(101,36),(101,31),(101,22),(101,55),(102,87),(102,53),(102,31),(102,55),(103,23),(103,55),(103,54),(103,50),
(104,22),(104,24),(104,55),(104,50),(105,22),(105,25),(105,1),(105,52),(106,87),(106,90),(106,55),(106,88),
(107,87),(107,61),(107,52),(107,53),(108,26),(108,72),(108,73),(108,29),(109,17),(109,79),(109,55),(109,73),
(110,17),(110,78),(110,73),(110,19),
-- 111-120
(111,16),(111,76),(111,17),(111,67),(112,54),(112,55),(112,80),(112,71),(113,53),(113,55),(113,76),(113,34),
(114,64),(114,63),(114,55),(114,90),(115,50),(115,49),(115,55),(115,73),(116,47),(116,1),(116,46),(116,26),
(117,80),(117,9),(117,55),(117,54),(118,76),(118,8),(118,81),(118,53),(119,7),(119,9),(119,55),(119,89),
(120,6),(120,87),(120,42),(120,7),
-- 121-130
(121,61),(121,71),(121,54),(121,55),(122,76),(122,80),(122,55),(122,70),(123,76),(123,71),(123,67),(123,53),
(124,55),(124,54),(124,39),(124,51),(125,8),(125,10),(125,55),(125,39),(126,8),(126,38),(126,43),(126,53),
(127,84),(127,11),(127,55),(127,83),(128,71),(128,84),(128,73),(128,76),(129,81),(129,50),(129,55),(129,82),
(130,81),(130,46),(130,71),(130,82),
-- 131-140
(131,57),(131,71),(131,81),(131,55),(132,7),(132,9),(132,55),(132,44),(133,6),(133,31),(133,22),(133,53),
(134,9),(134,10),(134,55),(134,87),(135,7),(135,42),(135,87),(135,53),(136,81),(136,10),(136,55),(136,83),
(137,6),(137,81),(137,42),(137,53),(138,55),(138,54),(138,10),(138,9),(139,6),(139,42),(139,7),(139,36),
(140,7),(140,10),(140,55),(140,87),
-- 141-150
(141,7),(141,87),(141,86),(141,53),(142,42),(142,59),(142,55),(142,44),(143,60),(143,42),(143,76),(143,57),
(144,73),(144,44),(144,55),(144,45),(145,71),(145,43),(145,73),(145,45),(146,61),(146,31),(146,68),(146,53),
(147,61),(147,32),(147,22),(147,53),(148,61),(148,31),(148,22),(148,53),(149,18),(149,2),(149,20),(149,3),
(150,18),(150,6),(150,20),(150,7),
-- 151-160
(151,7),(151,61),(151,42),(151,53),(152,22),(152,26),(152,21),(152,53),(153,76),(153,90),(153,55),(153,89),
(154,76),(154,89),(154,71),(154,84),(155,67),(155,70),(155,55),(155,3),(156,68),(156,2),(156,76),(156,53),
(157,64),(157,55),(157,61),(157,39),(158,61),(158,37),(158,55),(158,39),(159,61),(159,36),(159,26),(159,53),
(160,62),(160,46),(160,11),(160,43),
-- 161-170
(161,55),(161,54),(161,80),(161,74),(162,53),(162,34),(162,24),(162,55),(163,55),(163,54),(163,73),(163,51),
(164,7),(164,6),(164,42),(164,55),(165,22),(165,21),(165,23),(165,26),(166,33),(166,31),(166,34),(166,53),
(167,61),(167,26),(167,65),(167,53),(168,72),(168,71),(168,73),(168,53),(169,57),(169,58),(169,59),(169,53),
(170,42),(170,41),(170,43),(170,53),
-- 171-180
(171,88),(171,90),(171,55),(171,54),(172,17),(172,32),(172,87),(172,53),(173,41),(173,55),(173,39),(173,40),
(174,37),(174,41),(174,55),(174,40),(175,36),(175,37),(175,87),(175,53),(176,32),(176,34),(176,55),(176,73),
(177,32),(177,72),(177,31),(177,53),(178,22),(178,2),(178,55),(178,3),(179,22),(179,2),(179,53),(179,3),
(180,22),(180,2),(180,21),(180,53),
-- 181-190
(181,60),(181,59),(181,55),(181,58),(182,61),(182,57),(182,76),(182,53),(183,11),(183,90),(183,55),(183,12),
(184,12),(184,87),(184,11),(184,53),(185,87),(185,60),(185,76),(185,53),(186,76),(186,80),(186,55),(186,67),
(187,76),(187,67),(187,54),(187,66),(188,76),(188,66),(188,33),(188,19),(189,26),(189,29),(189,55),(189,28),
(190,26),(190,29),(190,27),(190,55),
-- 191-200
(191,26),(191,71),(191,30),(191,53),(192,22),(192,52),(192,55),(192,64),(193,22),(193,52),(193,53),(194,52),
(194,22),(194,42),(194,53),(195,11),(195,88),(195,55),(195,13),(196,11),(196,1),(196,13),(196,3),
(197,23),(197,24),(197,55),(197,50),(198,22),(198,24),(198,53),(199,25),(199,22),(199,24),(199,43),
(200,32),(200,34),(200,55),(200,31),
-- 201-210
(201,32),(201,34),(201,53),(201,31),(202,31),(202,32),(202,22),(202,61),(203,44),(203,80),(203,55),(203,45),
(204,44),(204,76),(204,54),(204,43),(205,42),(205,76),(205,67),(205,44),(206,42),(206,45),(206,55),(206,44),
(207,41),(207,42),(207,53),(207,43),(208,42),(208,26),(208,43),(208,53),(209,71),(209,73),(209,61),(209,53),
(210,30),(210,18),(210,77),(210,16);